target,model,n_test,events_test,threshold,auroc,auroc_ci_low,auroc_ci_high,auroc_p,average_precision,ap_ci_low,ap_ci_high,accuracy,sensitivity,specificity,ppv,npv,tn,fp,fn,tp,f_beta,expected_cost,fit_seconds
complications_30d,hgb,146,19,0.02484848484848485,0.7380853709075839,0.6190427993059572,0.8482447749383232,0.0004997501249375312,0.28429754957155606,0.15890736368699562,0.5006994187182058,0.4657534246575342,0.8421052631578947,0.4094488188976378,0.17582417582417584,0.9454545454545454,52,75,3,16,0.47904191616766467,90.0,3.385
complications_30d,rf,146,19,0.14363636363636365,0.8271860754247824,0.7521120724517857,0.896050705269385,0.0004997501249375312,0.3281060841403971,0.2080269868760461,0.5344939147312047,0.7054794520547946,0.7368421052631579,0.7007874015748031,0.2692307692307692,0.9468085106382979,89,38,5,14,0.546875,63.0,0.693
complications_30d,lr,146,19,0.26242424242424245,0.8006630750103605,0.7148268398268399,0.8715310383772877,0.0004997501249375312,0.29784234887891103,0.18230349338829635,0.49813275459502177,0.4520547945205479,1.0,0.3700787401574803,0.1919191919191919,1.0,47,80,0,19,0.5428571428571428,80.0,0.019
complications_30d,svc,146,19,0.03474747474747475,0.7617074181516784,0.658407446864478,0.8615494791666666,0.0009995002498750624,0.3303617967673659,0.1799661680580287,0.557344767992422,0.1643835616438356,1.0,0.03937007874015748,0.1347517730496454,1.0,5,122,0,19,0.4377880184331797,122.0,0.063
complications_30d,torch_mlp,146,19,0.20303030303030303,0.8180687940323249,0.7352406920977262,0.8892031942985528,0.0004997501249375312,0.31507342421292517,0.19663255548655573,0.5148486036489405,0.5821917808219178,0.9473684210526315,0.5275590551181102,0.23076923076923078,0.9852941176470589,67,60,1,18,0.5844155844155844,65.0,6.633
Severe complication,hgb,146,8,0.0198989898989899,0.542572463768116,0.3027602314222033,0.7699717555148428,0.3403298350824588,0.08249419661199531,0.029670674500574205,0.252606884422459,0.136986301369863,0.75,0.10144927536231885,0.046153846153846156,0.875,14,124,2,6,0.18518518518518517,134.0,2.069
Severe complication,rf,146,8,0.08424242424242423,0.6086956521739131,0.34141570108723396,0.85,0.1504247876061969,0.13123232792236725,0.03957643805590449,0.39769495443580816,0.4315068493150685,0.625,0.42028985507246375,0.058823529411764705,0.9508196721311475,58,80,3,5,0.21367521367521367,95.0,0.397
Severe complication,lr,146,8,0.05454545454545454,0.5190217391304348,0.2476725313056248,0.7711445833273018,0.4352823588205897,0.09033234689675498,0.030781371316855186,0.2738997535011071,0.2602739726027397,0.75,0.2318840579710145,0.05357142857142857,0.9411764705882353,32,106,2,6,0.20833333333333334,116.0,0.022
Severe complication,svc,146,8,0.01,0.4257246376811594,0.16392792443064177,0.6989154694481494,0.7651174412793603,0.11500195952936211,0.023207224451516687,0.39769897777851604,0.0547945205479452,1.0,0.0,0.0547945205479452,,0,138,0,8,0.2247191011235955,138.0,0.078
Severe complication,torch_mlp,146,8,0.03474747474747475,0.5942028985507246,0.3643485915492958,0.811926291793313,0.19140429785107446,0.09648989752980111,0.03634915011459129,0.29419251332502877,0.3082191780821918,0.75,0.2826086956521739,0.05714285714285714,0.9512195121951219,39,99,2,6,0.218978102189781,109.0,5.579
KPS_Discharge Worsened,hgb,146,23,0.01,0.599858607281725,0.47774513662214196,0.7190780593215319,0.063968015992004,0.2142892958303053,0.128819995700016,0.37174166374855355,0.2671232876712329,0.9565217391304348,0.13821138211382114,0.171875,0.9444444444444444,17,106,1,22,0.5,111.0,2.583
KPS_Discharge Worsened,rf,146,23,0.06939393939393938,0.6620714033227288,0.519118194152661,0.7934399801587302,0.006496751624187906,0.31599335503432874,0.18510933659876325,0.5117441355247301,0.5547945205479452,0.782608695652174,0.5121951219512195,0.23076923076923078,0.9264705882352942,63,60,5,18,0.5294117647058824,85.0,1.388
KPS_Discharge Worsened,lr,146,23,0.29707070707070704,0.6528808766348534,0.5259284659882935,0.7719992678637244,0.0079960019990005,0.2725849391079918,0.16285086381946365,0.46618058451842176,0.363013698630137,0.9130434782608695,0.2601626016260163,0.1875,0.9411764705882353,32,91,2,21,0.5147058823529411,101.0,0.015
KPS_Discharge Worsened,svc,146,23,0.07434343434343434,0.5984446800989749,0.46342943681537657,0.7270017616421568,0.07396301849075462,0.31297245093075216,0.15998545080279677,0.49416211932998144,0.4041095890410959,0.782608695652174,0.3333333333333333,0.18,0.8913043478260869,41,82,5,18,0.46874999999999994,107.0,0.061
KPS_Discharge Worsened,torch_mlp,146,23,0.25747474747474747,0.7165075998586073,0.5912698791348601,0.8287652280379553,0.0009995002498750624,0.32644430015772363,0.1990093703883543,0.534695461038632,0.3082191780821918,0.9130434782608695,0.1951219512195122,0.175,0.9230769230769231,24,99,2,21,0.4952830188679246,109.0,5.638
New neurological deficits,hgb,146,38,0.10404040404040403,0.642056530214425,0.5381214265294454,0.7347729068202129,0.005997001499250375,0.3853531948557021,0.2729905867255816,0.5556929278373502,0.3972602739726027,0.9736842105263158,0.19444444444444445,0.29838709677419356,0.9545454545454546,21,87,1,37,0.6702898550724639,92.0,1.907
New neurological deficits,rf,146,38,0.21787878787878787,0.7456140350877193,0.6597093305780256,0.8235523169515369,0.0004997501249375312,0.4398142417665762,0.32261662160633925,0.6085577914739798,0.5205479452054794,0.9736842105263158,0.3611111111111111,0.3490566037735849,0.975,39,69,1,37,0.7170542635658915,74.0,0.417
New neurological deficits,lr,146,38,0.16343434343434343,0.6956627680311891,0.5909724223196313,0.7870212646264626,0.0004997501249375312,0.4542306560563968,0.3233761190031582,0.6297214123249871,0.4520547945205479,0.9210526315789473,0.28703703703703703,0.3125,0.9117647058823529,31,77,3,35,0.662878787878788,92.0,0.041
New neurological deficits,svc,146,38,0.18818181818181817,0.6466861598440545,0.5464789314915157,0.7473941038456471,0.004497751124437781,0.4323334427933006,0.2920822343047204,0.5823620948349783,0.4863013698630137,0.8421052631578947,0.3611111111111111,0.31683168316831684,0.8666666666666667,39,69,6,32,0.6324110671936759,99.0,0.136
New neurological deficits,torch_mlp,146,38,0.014949494949494949,0.6817738791423001,0.5791264565560976,0.7804994192799071,0.0004997501249375312,0.46380596902697047,0.32087267271442693,0.6386139418559906,0.5,0.8157894736842105,0.3888888888888889,0.31958762886597936,0.8571428571428571,42,66,7,31,0.6224899598393574,101.0,5.95
