target,model,full_features,reduced_features,full_auroc,reduced_auroc,delta_auroc,full_ap,reduced_ap,delta_ap,full_accuracy,reduced_accuracy,full_recall,reduced_recall,full_specificity,reduced_specificity
complications_30d,hgb,40,30,0.7380853709075839,0.7057604641525073,-0.0323249067550766,0.284297549571556,0.2239853145107762,-0.06031223506077982,0.4657534246575342,0.5273972602739726,0.8421052631578947,0.8421052631578947,0.4094488188976378,0.4803149606299212
complications_30d,rf,40,30,0.8271860754247824,0.8106092001657688,-0.016576875259013635,0.3281060841403971,0.2943428424692561,-0.033763241671140976,0.7054794520547946,0.6506849315068494,0.7368421052631579,0.8421052631578947,0.7007874015748031,0.6220472440944882
complications_30d,lr,40,30,0.8006630750103605,0.7981765437215085,-0.002486531288852012,0.297842348878911,0.283446956712199,-0.014395392166711984,0.4520547945205479,0.5136986301369864,1.0,1.0,0.3700787401574803,0.4409448818897638
complications_30d,svc,40,30,0.7617074181516784,0.7438872772482387,-0.017820140903439752,0.3303617967673659,0.307253818788866,-0.023107977978499894,0.1643835616438356,0.5136986301369864,1.0,0.8421052631578947,0.0393700787401574,0.4645669291338583
complications_30d,torch_mlp,40,30,0.8180687940323249,0.8135101533360962,-0.0045586406962286885,0.3150734242129251,0.308646984521064,-0.00642643969186113,0.5821917808219178,0.6027397260273972,0.9473684210526316,1.0,0.5275590551181102,0.5433070866141733
Severe complication,hgb,40,30,0.542572463768116,0.5480072463768115,0.005434782608695565,0.0824941966119953,0.129701303462971,0.04720710685097572,0.136986301369863,0.1506849315068493,0.75,0.75,0.1014492753623188,0.1159420289855072
Severe complication,rf,40,30,0.6086956521739131,0.5172101449275361,-0.09148550724637694,0.1312323279223672,0.1287130841238897,-0.002519243798477483,0.4315068493150685,0.3698630136986301,0.625,0.75,0.4202898550724637,0.3478260869565217
Severe complication,lr,40,30,0.5190217391304348,0.5670289855072463,0.04800724637681153,0.0903323468967549,0.1170677885824404,0.026735441685685493,0.2602739726027397,0.3219178082191781,0.75,0.75,0.2318840579710145,0.2971014492753623
Severe complication,svc,40,30,0.4257246376811594,0.4501811594202898,0.024456521739130377,0.1150019595293621,0.087441398472857,-0.027560561056505103,0.0547945205479452,0.0958904109589041,1.0,1.0,0.0,0.0434782608695652
Severe complication,torch_mlp,40,30,0.5942028985507246,0.5507246376811594,-0.04347826086956519,0.0964898975298011,0.1309509334707694,0.03446103594096829,0.3082191780821918,0.1986301369863013,0.75,0.875,0.2826086956521739,0.1594202898550724
KPS_Discharge Worsened,hgb,40,30,0.599858607281725,0.6132909155178508,0.013432308236125734,0.2142892958303053,0.2568713095709255,0.042582013740620234,0.2671232876712329,0.410958904109589,0.9565217391304348,0.9130434782608696,0.1382113821138211,0.3170731707317073
KPS_Discharge Worsened,rf,40,30,0.6620714033227288,0.6907034287734182,0.028632025450689325,0.3159933550343287,0.3533858902657668,0.037392535231438095,0.5547945205479452,0.4178082191780822,0.782608695652174,0.8695652173913043,0.5121951219512195,0.3333333333333333
KPS_Discharge Worsened,lr,40,30,0.6528808766348534,0.6507599858607281,-0.0021208907741252503,0.2725849391079918,0.2628110516778739,-0.009773887430117922,0.363013698630137,0.3013698630136986,0.9130434782608696,0.9130434782608696,0.2601626016260163,0.1869918699186991
KPS_Discharge Worsened,svc,40,30,0.5984446800989749,0.6224814422057264,0.02403676210675154,0.3129724509307521,0.297779806013953,-0.015192644916799114,0.4041095890410959,0.363013698630137,0.782608695652174,0.8695652173913043,0.3333333333333333,0.2682926829268293
KPS_Discharge Worsened,torch_mlp,40,30,0.7165075998586073,0.6454577589254153,-0.071049840933192,0.3264443001577236,0.2599799117289775,-0.06646438842874608,0.3082191780821918,0.1986301369863013,0.9130434782608696,0.9565217391304348,0.1951219512195122,0.056910569105691
New neurological deficits,hgb,40,30,0.642056530214425,0.7319688109161793,0.08991228070175428,0.3853531948557021,0.5122121782416809,0.12685898338597879,0.3972602739726027,0.5068493150684932,0.9736842105263158,0.9473684210526316,0.1944444444444444,0.3518518518518518
New neurological deficits,rf,40,30,0.7456140350877193,0.7529239766081871,0.007309941520467822,0.4398142417665762,0.4909145254352359,0.05110028366865971,0.5205479452054794,0.4452054794520548,0.9736842105263158,0.8947368421052632,0.3611111111111111,0.287037037037037
New neurological deficits,lr,40,30,0.6956627680311891,0.7085769980506822,0.0129142300194931,0.4542306560563968,0.4707473601564507,0.016516704100053903,0.4520547945205479,0.4520547945205479,0.9210526315789472,0.8947368421052632,0.287037037037037,0.2962962962962963
New neurological deficits,svc,40,30,0.6466861598440545,0.6812865497076023,0.03460038986354774,0.4323334427933006,0.4400908447228011,0.007757401929500474,0.4863013698630137,0.4452054794520548,0.8421052631578947,0.9210526315789472,0.3611111111111111,0.2777777777777778
New neurological deficits,torch_mlp,40,30,0.6817738791423001,0.709307992202729,0.027534113060428855,0.4638059690269704,0.5558690985933634,0.09206312956639301,0.5,0.3287671232876712,0.8157894736842105,0.9210526315789472,0.3888888888888889,0.1203703703703703
