target,model,rank,feature,importance_mean,importance_sd,ci_low,ci_high,approx_p_one_sided
complications_30d,rf,1,Radio_Vessel_encasement,0.0300041442188147,0.0217128592294037,0.0030483907142992775,0.05695989772333012,0.018288333299442454
complications_30d,rf,2,Pre-Op KPS,0.0246166597596352,0.0335252702260901,-0.017003787867223612,0.06623710738649402,0.08797947706866469
complications_30d,rf,3,Radio_Pre-Op max_axial_diam_mm,0.0217157065893078,0.0228985997090725,-0.006712102149968886,0.05014351532858448,0.0506392353542293
complications_30d,rf,4,Radio_Tumor Location,0.0161624533775383,0.0044092618576942,0.010688509365046735,0.021636397390029864,0.0006035357442883792
complications_30d,rf,5,ICA/Syphon involvment,0.0140074595938664,0.0050647711951768,0.0077197237203213325,0.02029519546741147,0.0017371256732964903
complications_30d,rf,6,Symptoms_Motor deficits,0.01226688769167,0.0054577961485799,0.005491225117494423,0.019042550265845577,0.0036777036122561425
complications_30d,rf,7,Radio_Calcification,0.0106092001657686,0.0061278409910565,0.0030017004106881705,0.01821669992084903,0.008986578031972621
complications_30d,rf,8,Symptoms_Acute onset (1<month),0.0090343970161624,0.0047207727694648,0.003173723127935085,0.014895070904389716,0.00642748189258947
complications_30d,rf,9,Radio_Hyperostosis,0.008619975134687,0.0153557707711505,-0.010443675921385509,0.027683626190759508,0.13886417656396222
complications_30d,rf,10,Radio_Midline shift entity,0.0084542063820969,0.0035995111066072,0.003985539538115621,0.012922873226078178,0.003144584537880133
Severe complication,rf,1,Symptoms_CN deficits,0.0215579710144927,0.0116196505150902,0.007132582272082064,0.03598335975690334,0.007138340853065496
Severe complication,rf,2,Radio_Calcification,0.0190217391304348,0.0107481137494139,0.005678332727497843,0.03236514553337176,0.008357447397070145
Severe complication,rf,3,Radio_Bone_invasion,0.0157608695652174,0.0146795033187557,-0.00246321915789462,0.033984958288329425,0.037146403227065465
Severe complication,rf,4,Radio_Ventricle involment,0.0144927536231884,0.0063276265204974,0.006637227137566417,0.022348280108810382,0.0034395407001433535
Severe complication,rf,5,Radio_Hyperostosis,0.0143115942028985,0.0044152382633891,0.00883023069226288,0.01979295771353412,0.0009617198479982699
Severe complication,rf,6,Radio_Edema,0.0126811594202898,0.0030850337619431,0.008851198162703279,0.01651112067787632,0.00038910648255300055
Severe complication,rf,7,Radio_Cystic_necrosis,0.0125,0.0101740007841297,-0.00013066528430113328,0.025130665284301135,0.025759076818333178
Severe complication,rf,8,Symptoms_Incidental finding,0.0117753623188406,0.012911978029859,-0.004254405725584581,0.027805130363265783,0.05552030138823132
Severe complication,rf,9,Symptoms_Acute onset (1<month),0.0115942028985507,0.011010558984799,-0.0020750200630776615,0.025263425860179062,0.03906110228866112
Severe complication,rf,10,ICA/Syphon involvment,0.0096014492753623,0.0231685830126785,-0.019161534270025718,0.03836443282075032,0.2032753945606198
KPS_Discharge Worsened,torch_mlp,1,Symptoms_Headache,0.0136986301369863,0.0,0.0136986301369863,0.0136986301369863,0.0
KPS_Discharge Worsened,torch_mlp,2,Symptoms_Visual deficits,0.0123287671232877,0.0079876053354045,0.0024124351359767413,0.02224509911059866,0.013011269861404065
KPS_Discharge Worsened,torch_mlp,3,Symptoms_Aphasia/dysartria,0.0123287671232877,0.0027397260273972,0.0089274933120333,0.0157300409345421,0.0002743237400919566
KPS_Discharge Worsened,torch_mlp,4,Comorbidities_DM,0.010958904109589,0.0054794520547945,0.004156356487080077,0.01776145173209792,0.005528246696725034
KPS_Discharge Worsened,torch_mlp,5,Radio_Tumor side,0.0095890410958904,0.0054794520547945,0.0027864934733814765,0.01639158871839932,0.008674045676217448
KPS_Discharge Worsened,torch_mlp,6,Radio_Pre-Op max_axial_diam_mm,0.0082191780821918,0.010958904109589,-0.005385917162826045,0.021824273327209646,0.0844190543590712
KPS_Discharge Worsened,torch_mlp,7,Radio_Ventricle involment,0.0082191780821918,0.0067109308021457,-0.00011220723087308933,0.016550563395256693,0.025989847100962877
KPS_Discharge Worsened,torch_mlp,8,Symptoms_Nausea/Vomit,0.0068493150684931,0.0043318872057101,0.0014714289737702176,0.012227201163215982,0.012055055275695661
KPS_Discharge Worsened,torch_mlp,9,Symptoms_Acute onset (1<month),0.0068493150684931,0.0061262136369857,-0.0007561643835616617,0.014454794520547862,0.03338327240599435
KPS_Discharge Worsened,torch_mlp,10,Age,0.0054794520547945,0.0067109308021456,-0.0028519332582702672,0.013810837367859267,0.07096372388702618
New neurological deficits,rf,1,Radio_Vessel_encasement,0.0797270955165691,0.0187437569323897,0.056457378420359444,0.10299681261277877,0.0003410654158301039
New neurological deficits,rf,2,Pre-Op KPS,0.0755360623781676,0.0328992488422419,0.03469279835174016,0.11637932640459503,0.0034098546559603983
New neurological deficits,rf,3,ICA/Syphon involvment,0.0321150097465886,0.0186025844019217,0.009020553397602455,0.055209466095574755,0.009071396066718092
New neurological deficits,rf,4,Symptoms_CN deficits,0.0253898635477582,0.0056125458280265,0.018422084671901984,0.03235764242361441,0.0002687821511080253
New neurological deficits,rf,5,Radio_Pre-Op max_axial_diam_mm,0.0120857699805068,0.016779708526262,-0.008745649876856498,0.0329171898378701,0.09128303976935799
New neurological deficits,rf,6,Symptoms_Motor deficits,0.0099902534113059,0.0042846207875893,0.004671046917571739,0.015309459905040061,0.0032275397482626543
New neurological deficits,rf,7,Charlson Comorbidity Index,0.0098927875243664,0.0027159599986535,0.006521018404586665,0.013264556644146133,0.0006182563754185805
New neurological deficits,rf,8,Symptoms_Seizure,0.0075048732943469,0.0011048522464672,0.006133237965253585,0.008876508623440214,5.477440522049941e-05
New neurological deficits,rf,9,Symptoms_Hyperprolatinemia,0.007261208576998,0.0037666498750369,0.0025850448117112988,0.0119373723422847,0.006270002047738389
New neurological deficits,rf,10,Comorbidities_Other Tumors,0.0066276803118908,0.0035923815777742,0.002167864528002309,0.011087496095779291,0.007274253675433094
